user01,password01
user02,password02
user03,password03
user04,password04
user05,password05
user06,password06
user07,password07
user08,password08
user09,password09
user10,password10
user11,password11
user12,password12
user13,password13
user14,password14
user15,password15
user16,password16
user17,password17
user18,password18
user19,password19
user20,password20
user21,password21
user22,password22
user23,password23
user24,password24
user25,password25
user26,password26
user27,password27
user28,password28
user29,password29
user30,password30
user31,password31
user32,password32
user33,password33
user34,password34
user35,password35
user36,password36
user37,password37
user38,password38
user39,password39
user40,password40
user41,password41
user42,password42
user43,password43
user44,password44
user45,password45
user46,password46
user47,password47
user48,password48
user49,password49
user50,password50
